t,ns,marker_id,angle_error_deg,miss_distance_m,range_m
1788858279.714,selected_bearing_rays,0,-15.824,48.32,177.19
1788858279.734,selected_bearing_rays,0,-15.189,46.41,177.15
1788858279.753,selected_bearing_rays,0,-13.655,41.82,177.13
1788858279.773,selected_bearing_rays,0,-12.925,39.61,177.10
1788858279.800,selected_bearing_rays,0,-12.375,37.95,177.06
1788858279.825,selected_bearing_rays,0,-12.004,36.82,177.04
1788858279.855,selected_bearing_rays,0,-11.327,34.76,176.99
1788858279.911,selected_bearing_rays,0,-10.858,33.33,176.92
1788858279.932,selected_bearing_rays,0,-11.239,34.48,176.90
1788858279.949,selected_bearing_rays,0,-11.776,36.10,176.88
1788858279.978,selected_bearing_rays,0,-12.663,38.77,176.84
1788858280.003,selected_bearing_rays,0,-12.925,39.55,176.81
1788858280.031,selected_bearing_rays,0,-13.689,41.83,176.76
1788858280.052,selected_bearing_rays,0,-13.940,42.57,176.72
1788858280.072,selected_bearing_rays,0,-14.161,43.23,176.69
1788858280.105,selected_bearing_rays,0,-14.450,44.08,176.65
1788858280.133,selected_bearing_rays,0,-14.760,44.99,176.59
1788858280.158,selected_bearing_rays,0,-15.009,45.72,176.54
1788858280.178,selected_bearing_rays,0,-15.232,46.37,176.51
1788858280.203,selected_bearing_rays,0,-15.286,46.53,176.48
1788858280.233,selected_bearing_rays,0,-15.190,46.23,176.43
1788858280.248,selected_bearing_rays,0,-15.028,45.74,176.39
1788858280.277,selected_bearing_rays,0,-14.850,45.20,176.36
1788858280.313,selected_bearing_rays,0,-14.702,44.75,176.31
1788858280.341,selected_bearing_rays,0,-14.023,42.72,176.28
1788858280.356,selected_bearing_rays,0,-13.486,41.11,176.26
1788858280.386,selected_bearing_rays,0,-12.676,38.67,176.23
1788858280.421,selected_bearing_rays,0,-12.111,36.97,176.20
1788858280.440,selected_bearing_rays,0,-11.559,35.30,176.19
1788858280.468,selected_bearing_rays,0,-11.069,33.82,176.16
1788858280.494,selected_bearing_rays,0,-11.162,34.10,176.13
1788858280.523,selected_bearing_rays,0,-12.198,37.21,176.10
1788858280.552,selected_bearing_rays,0,-12.573,38.33,176.07
1788858280.579,selected_bearing_rays,0,-13.327,40.58,176.03
1788858280.600,selected_bearing_rays,0,-13.829,42.07,176.01
1788858280.635,selected_bearing_rays,0,-14.461,43.94,175.96
1788858280.660,selected_bearing_rays,0,-14.788,44.90,175.92
1788858280.681,selected_bearing_rays,0,-15.025,45.60,175.89
1788858280.714,selected_bearing_rays,0,-15.262,46.29,175.84
1788858280.747,selected_bearing_rays,0,-15.493,46.95,175.78
1788858280.771,selected_bearing_rays,0,-16.072,48.66,175.75
1788858280.793,selected_bearing_rays,0,-15.932,48.23,175.72
1788858280.815,selected_bearing_rays,0,-16.078,48.66,175.69
1788858280.843,selected_bearing_rays,0,-16.024,48.49,175.66
1788858280.869,selected_bearing_rays,0,-15.871,48.02,175.60
1788858280.890,selected_bearing_rays,0,-15.960,48.28,175.57
1788858280.910,selected_bearing_rays,0,-15.488,46.88,175.54
1788858280.939,selected_bearing_rays,0,-15.215,46.06,175.50
1788858280.958,selected_bearing_rays,0,-14.904,45.14,175.48
1788858280.972,selected_bearing_rays,0,-14.654,44.39,175.46
1788858280.996,selected_bearing_rays,0,-14.389,43.60,175.43
1788858281.019,selected_bearing_rays,0,-14.155,42.89,175.40
1788858281.033,selected_bearing_rays,0,-13.948,42.28,175.38
1788858281.064,selected_bearing_rays,0,-13.841,41.95,175.34
1788858281.098,selected_bearing_rays,0,-13.441,40.75,175.30
1788858281.119,selected_bearing_rays,0,-13.521,40.98,175.27
1788858281.138,selected_bearing_rays,0,-13.479,40.85,175.24
1788858281.171,selected_bearing_rays,0,-12.686,38.48,175.20
1788858281.209,selected_bearing_rays,0,-12.730,38.60,175.16
1788858281.242,selected_bearing_rays,0,-12.231,37.10,175.13
1788858281.261,selected_bearing_rays,0,-12.788,38.76,175.12
1788858281.284,selected_bearing_rays,0,-13.132,39.78,175.10
1788858281.308,selected_bearing_rays,0,-13.165,39.87,175.06
1788858281.335,selected_bearing_rays,0,-13.267,40.17,175.04
1788858281.357,selected_bearing_rays,0,-13.163,39.85,175.01
1788858281.372,selected_bearing_rays,0,-13.281,40.20,175.00
1788858281.394,selected_bearing_rays,0,-13.433,40.65,174.98
1788858281.428,selected_bearing_rays,0,-14.024,42.39,174.93
1788858281.459,selected_bearing_rays,0,-14.428,43.58,174.90
1788858281.498,selected_bearing_rays,0,-15.394,46.42,174.86
1788858281.535,selected_bearing_rays,0,-16.168,48.68,174.81
1788858281.558,selected_bearing_rays,0,-16.181,48.70,174.77
1788858281.590,selected_bearing_rays,0,-16.395,49.32,174.73
1788858281.650,selected_bearing_rays,1,-9.671,29.34,174.65
1788858281.651,selected_bearing_rays,0,-15.491,46.65,174.65
1788858281.669,selected_bearing_rays,0,-15.049,45.34,174.62
1788858281.691,selected_bearing_rays,0,-14.847,44.74,174.59
1788858281.732,selected_bearing_rays,0,-14.274,43.03,174.53
1788858281.755,selected_bearing_rays,0,-14.344,43.23,174.51
1788858281.775,selected_bearing_rays,1,-8.735,26.50,174.48
1788858281.801,selected_bearing_rays,1,-8.605,26.10,174.44
1788858281.801,selected_bearing_rays,0,-14.331,43.18,174.44
1788858281.823,selected_bearing_rays,1,-8.599,26.08,174.41
1788858281.853,selected_bearing_rays,0,-14.249,42.92,174.37
1788858281.870,selected_bearing_rays,0,-14.293,43.04,174.35
1788858281.870,selected_bearing_rays,1,-8.476,25.70,174.35
1788858281.887,selected_bearing_rays,0,-14.310,43.09,174.33
1788858281.914,selected_bearing_rays,0,-14.115,42.51,174.31
1788858281.945,selected_bearing_rays,0,-14.444,43.47,174.27
1788858281.965,selected_bearing_rays,0,-14.676,44.15,174.24
1788858281.965,selected_bearing_rays,1,-8.686,26.31,174.24
1788858282.010,selected_bearing_rays,0,-14.986,45.04,174.17
1788858282.047,selected_bearing_rays,0,-15.063,45.25,174.11
1788858282.087,selected_bearing_rays,0,-14.588,43.84,174.06
1788858282.119,selected_bearing_rays,0,-14.627,43.94,174.01
1788858282.144,selected_bearing_rays,0,-14.454,43.43,173.99
1788858282.181,selected_bearing_rays,0,-14.346,43.10,173.94
1788858282.222,selected_bearing_rays,0,-14.405,43.26,173.88
1788858282.222,selected_bearing_rays,1,-8.620,26.06,173.88
1788858282.239,selected_bearing_rays,0,-14.475,43.45,173.85
1788858282.239,selected_bearing_rays,1,-8.849,26.74,173.85
1788858282.284,selected_bearing_rays,0,-14.592,43.78,173.79
1788858282.318,selected_bearing_rays,0,-14.621,43.86,173.75
1788858282.348,selected_bearing_rays,0,-14.785,44.32,173.69
1788858282.348,selected_bearing_rays,1,-9.108,27.50,173.69
1788858282.383,selected_bearing_rays,0,-14.910,44.69,173.67
1788858282.430,selected_bearing_rays,0,-14.822,44.41,173.59
1788858282.457,selected_bearing_rays,0,-14.908,44.65,173.55
1788858282.457,selected_bearing_rays,1,-8.992,27.12,173.55
1788858282.476,selected_bearing_rays,0,-14.596,43.73,173.52
1788858282.498,selected_bearing_rays,0,-14.486,43.40,173.49
1788858282.525,selected_bearing_rays,0,-14.329,42.93,173.47
1788858282.525,selected_bearing_rays,1,-8.280,24.98,173.47
1788858282.550,selected_bearing_rays,0,-13.760,41.25,173.42
1788858282.551,selected_bearing_rays,1,-8.304,25.05,173.42
1788858282.584,selected_bearing_rays,0,-13.815,41.40,173.38
1788858282.584,selected_bearing_rays,1,-8.165,24.62,173.38
1788858282.617,selected_bearing_rays,0,-13.829,41.43,173.32
1788858282.617,selected_bearing_rays,1,-8.091,24.39,173.32
1788858282.660,selected_bearing_rays,0,-13.933,41.72,173.27
1788858282.690,selected_bearing_rays,0,-14.058,42.08,173.23
1788858282.714,selected_bearing_rays,0,-14.164,42.38,173.20
1788858282.714,selected_bearing_rays,1,-8.619,25.96,173.20
1788858282.741,selected_bearing_rays,0,-14.290,42.74,173.16
1788858282.762,selected_bearing_rays,0,-14.364,42.95,173.13
1788858282.763,selected_bearing_rays,1,-8.361,25.18,173.13
1788858282.792,selected_bearing_rays,0,-14.253,42.61,173.08
1788858282.792,selected_bearing_rays,1,-8.354,25.15,173.08
1788858282.811,selected_bearing_rays,0,-14.268,42.65,173.06
1788858282.811,selected_bearing_rays,1,-8.250,24.83,173.06
1788858282.837,selected_bearing_rays,0,-14.260,42.62,173.01
1788858282.837,selected_bearing_rays,1,-8.239,24.79,173.01
1788858282.856,selected_bearing_rays,0,-14.199,42.44,173.00
1788858282.878,selected_bearing_rays,1,-8.055,24.24,172.96
1788858282.898,selected_bearing_rays,1,-8.000,24.07,172.95
1788858282.898,selected_bearing_rays,0,-13.984,41.79,172.95
1788858282.922,selected_bearing_rays,1,-7.704,23.18,172.91
1788858282.923,selected_bearing_rays,0,-13.710,40.98,172.91
1788858282.951,selected_bearing_rays,0,-13.424,40.13,172.87
1788858282.997,selected_bearing_rays,0,-13.142,39.29,172.81
1788858282.997,selected_bearing_rays,1,-7.264,21.85,172.81
1788858283.017,selected_bearing_rays,0,-13.253,39.61,172.78
1788858283.042,selected_bearing_rays,0,-13.678,40.85,172.74
1788858283.043,selected_bearing_rays,1,-7.722,23.21,172.74
1788858283.068,selected_bearing_rays,0,-14.148,42.21,172.70
1788858283.068,selected_bearing_rays,1,-8.145,24.47,172.70
1788858283.102,selected_bearing_rays,0,-14.493,43.21,172.66
1788858283.102,selected_bearing_rays,1,-8.548,25.66,172.66
1788858283.120,selected_bearing_rays,0,-14.585,43.47,172.63
1788858283.140,selected_bearing_rays,0,-14.615,43.55,172.61
1788858283.162,selected_bearing_rays,0,-14.082,41.99,172.58
1788858283.184,selected_bearing_rays,0,-14.550,43.35,172.56
1788858283.235,selected_bearing_rays,0,-15.204,45.23,172.47
1788858283.254,selected_bearing_rays,0,-15.284,45.46,172.44
1788858283.254,selected_bearing_rays,1,-9.277,27.80,172.44
1788858283.274,selected_bearing_rays,0,-15.032,44.71,172.40
1788858283.274,selected_bearing_rays,1,-9.330,27.95,172.40
1788858283.301,selected_bearing_rays,0,-15.561,46.24,172.35
1788858283.301,selected_bearing_rays,1,-9.629,28.83,172.35
1788858283.332,selected_bearing_rays,0,-15.425,45.83,172.31
1788858283.356,selected_bearing_rays,0,-15.101,44.88,172.27
1788858283.356,selected_bearing_rays,1,-9.084,27.20,172.27
1788858283.374,selected_bearing_rays,0,-14.680,43.65,172.26
1788858283.375,selected_bearing_rays,1,-8.695,26.04,172.26
1788858283.398,selected_bearing_rays,0,-14.074,41.88,172.22
1788858283.399,selected_bearing_rays,1,-8.030,24.06,172.22
1788858283.422,selected_bearing_rays,0,-13.471,40.12,172.20
1788858283.422,selected_bearing_rays,1,-7.396,22.17,172.20
1788858283.444,selected_bearing_rays,0,-13.065,38.92,172.17
1788858283.444,selected_bearing_rays,1,-7.004,20.99,172.17
1788858283.474,selected_bearing_rays,0,-11.578,34.55,172.14
1788858283.474,selected_bearing_rays,1,-6.129,18.38,172.14
1788858283.525,selected_bearing_rays,0,-10.803,32.26,172.10
1788858283.525,selected_bearing_rays,1,-5.011,15.03,172.10
1788858283.550,selected_bearing_rays,0,-10.675,31.87,172.07
1788858283.550,selected_bearing_rays,1,-4.807,14.42,172.07
1788858283.577,selected_bearing_rays,0,-10.866,32.43,172.05
1788858283.577,selected_bearing_rays,1,-5.072,15.21,172.05
1788858283.618,selected_bearing_rays,0,-10.762,32.12,172.01
1788858283.618,selected_bearing_rays,1,-5.308,15.91,172.01
1788858283.641,selected_bearing_rays,0,-12.610,37.55,172.00
1788858283.658,selected_bearing_rays,0,-13.154,39.14,171.98
1788858283.658,selected_bearing_rays,1,-7.212,21.59,171.98
1788858283.685,selected_bearing_rays,0,-13.491,40.12,171.96
1788858283.719,selected_bearing_rays,0,-13.810,41.04,171.92
1788858283.720,selected_bearing_rays,1,-7.777,23.26,171.92
1788858283.744,selected_bearing_rays,0,-13.989,41.55,171.90
1788858283.745,selected_bearing_rays,1,-7.997,23.92,171.90
1788858283.769,selected_bearing_rays,0,-13.994,41.56,171.86
1788858283.793,selected_bearing_rays,0,-13.993,41.55,171.84
1788858283.793,selected_bearing_rays,1,-7.955,23.78,171.84
1788858283.819,selected_bearing_rays,0,-13.928,41.36,171.82
1788858283.819,selected_bearing_rays,1,-7.908,23.64,171.82
1788858283.844,selected_bearing_rays,0,-13.900,41.27,171.80
1788858283.844,selected_bearing_rays,1,-7.874,23.54,171.80
1788858283.871,selected_bearing_rays,0,-13.908,41.29,171.77
1788858283.872,selected_bearing_rays,1,-7.896,23.60,171.77
1788858283.899,selected_bearing_rays,0,-14.065,41.74,171.75
1788858283.900,selected_bearing_rays,1,-7.955,23.77,171.75
1788858283.919,selected_bearing_rays,0,-14.136,41.94,171.73
1788858283.947,selected_bearing_rays,0,-14.108,41.85,171.71
1788858283.948,selected_bearing_rays,1,-8.448,25.22,171.71
1788858283.974,selected_bearing_rays,0,-13.857,41.12,171.69
1788858283.974,selected_bearing_rays,1,-8.391,25.05,171.69
1788858284.005,selected_bearing_rays,0,-13.949,41.38,171.67
1788858284.036,selected_bearing_rays,0,-14.207,42.12,171.62
1788858284.037,selected_bearing_rays,1,-8.835,26.36,171.62
1788858284.066,selected_bearing_rays,0,-14.655,43.41,171.60
1788858284.066,selected_bearing_rays,1,-8.774,26.18,171.60
1788858284.103,selected_bearing_rays,0,-15.177,44.91,171.56
1788858284.103,selected_bearing_rays,1,-9.145,27.27,171.56
1788858284.135,selected_bearing_rays,0,-15.472,45.76,171.53
1788858284.168,selected_bearing_rays,0,-15.470,45.75,171.51
1788858284.168,selected_bearing_rays,1,-9.354,27.88,171.51
1788858284.189,selected_bearing_rays,0,-15.302,45.25,171.48
1788858284.190,selected_bearing_rays,1,-9.079,27.06,171.48
1788858284.225,selected_bearing_rays,0,-14.678,43.45,171.47
1788858284.225,selected_bearing_rays,1,-8.432,25.14,171.47
1788858284.251,selected_bearing_rays,0,-13.957,41.35,171.45
1788858284.251,selected_bearing_rays,1,-7.709,23.00,171.45
1788858284.275,selected_bearing_rays,0,-13.687,40.56,171.44
1788858284.301,selected_bearing_rays,0,-13.216,39.19,171.42
1788858284.327,selected_bearing_rays,0,-12.850,38.12,171.41
1788858284.351,selected_bearing_rays,0,-12.115,35.97,171.40
1788858284.383,selected_bearing_rays,0,-12.913,38.30,171.38
1788858284.383,selected_bearing_rays,1,-7.357,21.95,171.38
1788858284.413,selected_bearing_rays,0,-13.239,39.24,171.35
1788858284.437,selected_bearing_rays,0,-13.861,41.05,171.33
1788858284.457,selected_bearing_rays,0,-14.338,42.43,171.32
1788858284.458,selected_bearing_rays,1,-8.189,24.40,171.32
1788858284.474,selected_bearing_rays,0,-14.720,43.53,171.32
1788858284.475,selected_bearing_rays,1,-8.583,25.57,171.32
1788858284.503,selected_bearing_rays,0,-14.831,43.85,171.30
1788858284.534,selected_bearing_rays,0,-14.783,43.70,171.28
1788858284.535,selected_bearing_rays,1,-8.724,25.98,171.28
1788858284.559,selected_bearing_rays,0,-14.912,44.07,171.25
1788858284.559,selected_bearing_rays,1,-8.813,26.24,171.25
1788858284.577,selected_bearing_rays,0,-15.043,44.44,171.24
1788858284.577,selected_bearing_rays,1,-8.961,26.67,171.24
1788858284.605,selected_bearing_rays,0,-15.176,44.82,171.21
1788858284.605,selected_bearing_rays,1,-9.118,27.13,171.21
1788858284.629,selected_bearing_rays,0,-15.366,45.36,171.18
1788858284.629,selected_bearing_rays,1,-9.351,27.81,171.18
1788858284.662,selected_bearing_rays,0,-15.464,45.64,171.16
1788858284.662,selected_bearing_rays,1,-9.406,27.97,171.16
1788858284.678,selected_bearing_rays,0,-15.399,45.44,171.14
1788858284.678,selected_bearing_rays,1,-9.346,27.79,171.14
1788858284.718,selected_bearing_rays,0,-15.482,45.68,171.11
1788858284.719,selected_bearing_rays,1,-9.433,28.04,171.11
1788858284.738,selected_bearing_rays,0,-15.485,45.68,171.10
1788858284.758,selected_bearing_rays,0,-15.517,45.77,171.08
1788858284.774,selected_bearing_rays,0,-15.569,45.92,171.07
1788858284.806,selected_bearing_rays,0,-15.693,46.27,171.05
1788858284.806,selected_bearing_rays,1,-10.054,29.86,171.05
1788858284.825,selected_bearing_rays,0,-15.562,45.89,171.04
1788858284.825,selected_bearing_rays,1,-9.590,28.49,171.04
1788858284.864,selected_bearing_rays,0,-15.272,45.04,171.01
1788858284.864,selected_bearing_rays,1,-9.275,27.56,171.01
1788858284.886,selected_bearing_rays,0,-14.838,43.79,171.00
1788858284.913,selected_bearing_rays,0,-14.447,42.66,170.98
1788858284.941,selected_bearing_rays,0,-14.125,41.72,170.96
1788858284.941,selected_bearing_rays,1,-8.219,24.44,170.96
1788858284.959,selected_bearing_rays,0,-13.541,40.03,170.95
1788858284.959,selected_bearing_rays,1,-8.142,24.21,170.95
1788858284.990,selected_bearing_rays,0,-13.265,39.22,170.92
1788858284.991,selected_bearing_rays,1,-8.000,23.79,170.92
1788858285.017,selected_bearing_rays,0,-13.665,40.38,170.91
1788858285.017,selected_bearing_rays,1,-8.008,23.81,170.91
1788858285.038,selected_bearing_rays,0,-13.985,41.30,170.90
1788858285.054,selected_bearing_rays,0,-13.826,40.84,170.89
1788858285.082,selected_bearing_rays,0,-14.074,41.55,170.88
1788858285.082,selected_bearing_rays,1,-8.155,24.24,170.88
1788858285.112,selected_bearing_rays,0,-13.880,40.99,170.86
1788858285.112,selected_bearing_rays,1,-8.406,24.98,170.86
1788858285.137,selected_bearing_rays,0,-13.927,41.12,170.84
1788858285.161,selected_bearing_rays,0,-14.673,43.27,170.83
1788858285.181,selected_bearing_rays,0,-15.026,44.28,170.81
1788858285.182,selected_bearing_rays,1,-9.436,28.00,170.81
1788858285.203,selected_bearing_rays,0,-15.100,44.49,170.80
1788858285.203,selected_bearing_rays,1,-9.556,28.35,170.80
1788858285.220,selected_bearing_rays,0,-15.100,44.49,170.79
1788858285.220,selected_bearing_rays,1,-9.555,28.35,170.79
1788858285.239,selected_bearing_rays,0,-15.079,44.43,170.78
1788858285.240,selected_bearing_rays,1,-9.533,28.28,170.78
1788858285.264,selected_bearing_rays,0,-15.004,44.21,170.77
1788858285.264,selected_bearing_rays,1,-9.533,28.28,170.77
1788858285.292,selected_bearing_rays,0,-14.943,44.03,170.75
1788858285.292,selected_bearing_rays,1,-9.457,28.05,170.75
1788858285.317,selected_bearing_rays,0,-14.862,43.79,170.73
1788858285.317,selected_bearing_rays,1,-9.288,27.56,170.73
1788858285.341,selected_bearing_rays,0,-14.711,43.35,170.73
1788858285.341,selected_bearing_rays,1,-9.160,27.18,170.73
1788858285.367,selected_bearing_rays,0,-14.423,42.52,170.72
1788858285.367,selected_bearing_rays,1,-8.792,26.09,170.72
1788858285.391,selected_bearing_rays,0,-14.311,42.20,170.71
1788858285.420,selected_bearing_rays,0,-14.022,41.36,170.70
1788858285.420,selected_bearing_rays,1,-8.496,25.22,170.70
1788858285.444,selected_bearing_rays,0,-13.998,41.29,170.69
1788858285.445,selected_bearing_rays,1,-8.425,25.01,170.69
1788858285.461,selected_bearing_rays,0,-14.023,41.36,170.68
1788858285.461,selected_bearing_rays,1,-8.451,25.08,170.68
1788858285.490,selected_bearing_rays,0,-14.152,41.73,170.67
1788858285.491,selected_bearing_rays,1,-8.602,25.53,170.67
1788858285.519,selected_bearing_rays,0,-14.150,41.72,170.66
1788858285.519,selected_bearing_rays,1,-8.564,25.41,170.66
1788858285.548,selected_bearing_rays,0,-14.365,42.34,170.64
1788858285.549,selected_bearing_rays,1,-8.673,25.73,170.64
1788858285.567,selected_bearing_rays,0,-14.749,43.44,170.63
1788858285.567,selected_bearing_rays,1,-8.995,26.68,170.63
1788858285.603,selected_bearing_rays,0,-14.425,42.50,170.61
1788858285.604,selected_bearing_rays,1,-8.954,26.55,170.61
1788858285.624,selected_bearing_rays,0,-14.935,43.97,170.60
1788858285.624,selected_bearing_rays,1,-9.062,26.87,170.60
1788858285.659,selected_bearing_rays,0,-15.200,44.72,170.58
1788858285.660,selected_bearing_rays,1,-9.103,26.99,170.58
1788858285.683,selected_bearing_rays,0,-15.460,45.47,170.57
1788858285.684,selected_bearing_rays,1,-9.335,27.67,170.57
1788858285.715,selected_bearing_rays,0,-15.543,45.70,170.55
1788858285.715,selected_bearing_rays,1,-9.427,27.93,170.55
1788858285.737,selected_bearing_rays,0,-15.629,45.94,170.54
1788858285.737,selected_bearing_rays,1,-9.491,28.12,170.54
1788858285.756,selected_bearing_rays,0,-15.579,45.80,170.53
1788858285.757,selected_bearing_rays,1,-9.428,27.93,170.53
1788858285.788,selected_bearing_rays,0,-15.394,45.27,170.52
1788858285.788,selected_bearing_rays,1,-9.028,26.76,170.52
1788858285.814,selected_bearing_rays,0,-15.225,44.78,170.52
1788858285.814,selected_bearing_rays,1,-9.031,26.77,170.52
1788858285.835,selected_bearing_rays,0,-15.143,44.54,170.51
1788858285.835,selected_bearing_rays,1,-8.838,26.20,170.51
1788858285.853,selected_bearing_rays,0,-15.026,44.21,170.51
1788858285.853,selected_bearing_rays,1,-8.854,26.25,170.51
1788858285.885,selected_bearing_rays,0,-14.862,43.73,170.50
1788858285.885,selected_bearing_rays,1,-8.818,26.14,170.50
1788858285.899,selected_bearing_rays,0,-14.775,43.48,170.50
1788858285.900,selected_bearing_rays,1,-8.776,26.01,170.50
1788858285.929,selected_bearing_rays,0,-14.613,43.01,170.50
1788858285.929,selected_bearing_rays,1,-8.668,25.70,170.50
1788858285.958,selected_bearing_rays,0,-14.472,42.61,170.49
1788858285.958,selected_bearing_rays,1,-8.471,25.11,170.49
1788858285.991,selected_bearing_rays,0,-13.998,41.24,170.49
1788858285.991,selected_bearing_rays,1,-8.480,25.14,170.49
1788858286.013,selected_bearing_rays,0,-13.854,40.82,170.49
1788858286.013,selected_bearing_rays,1,-8.439,25.02,170.49
1788858286.036,selected_bearing_rays,0,-14.379,42.34,170.48
1788858286.037,selected_bearing_rays,1,-8.603,25.50,170.48
1788858286.060,selected_bearing_rays,0,-14.582,42.92,170.48
1788858286.061,selected_bearing_rays,1,-8.672,25.70,170.48
1788858286.094,selected_bearing_rays,0,-14.804,43.56,170.46
1788858286.094,selected_bearing_rays,1,-8.758,25.95,170.46
1788858286.122,selected_bearing_rays,0,-15.145,44.53,170.45
1788858286.122,selected_bearing_rays,1,-8.825,26.15,170.45
1788858286.154,selected_bearing_rays,0,-15.482,45.50,170.44
1788858286.173,selected_bearing_rays,0,-15.622,45.90,170.43
1788858286.193,selected_bearing_rays,0,-15.716,46.16,170.43
1788858286.230,selected_bearing_rays,0,-15.981,46.92,170.42
1788858286.255,selected_bearing_rays,0,-15.943,46.81,170.41
1788858286.255,selected_bearing_rays,1,-9.326,27.62,170.41
1788858286.272,selected_bearing_rays,0,-15.999,46.97,170.41
1788858286.272,selected_bearing_rays,1,-9.344,27.67,170.41
1788858286.302,selected_bearing_rays,0,-15.942,46.80,170.40
1788858286.303,selected_bearing_rays,1,-9.281,27.48,170.40
1788858286.333,selected_bearing_rays,0,-15.954,46.83,170.39
1788858286.333,selected_bearing_rays,1,-9.344,27.67,170.39
1788858286.354,selected_bearing_rays,0,-15.875,46.61,170.39
1788858286.354,selected_bearing_rays,1,-9.632,28.51,170.39
1788858286.381,selected_bearing_rays,0,-15.737,46.22,170.40
1788858286.382,selected_bearing_rays,1,-9.660,28.59,170.40
1788858286.412,selected_bearing_rays,0,-15.453,45.40,170.40
1788858286.412,selected_bearing_rays,1,-9.479,28.06,170.40
1788858286.431,selected_bearing_rays,0,-15.224,44.75,170.40
1788858286.432,selected_bearing_rays,1,-9.291,27.51,170.40
1788858286.458,selected_bearing_rays,0,-14.719,43.30,170.41
1788858286.458,selected_bearing_rays,1,-8.863,26.26,170.41
1788858286.476,selected_bearing_rays,0,-14.459,42.55,170.41
1788858286.476,selected_bearing_rays,1,-8.822,26.13,170.41
1788858286.500,selected_bearing_rays,0,-14.171,41.72,170.42
1788858286.529,selected_bearing_rays,0,-13.589,40.05,170.43
1788858286.530,selected_bearing_rays,1,-7.317,21.70,170.43
1788858286.551,selected_bearing_rays,0,-13.223,38.99,170.44
1788858286.551,selected_bearing_rays,1,-7.083,21.02,170.44
1788858286.580,selected_bearing_rays,0,-12.889,38.02,170.45
1788858286.580,selected_bearing_rays,1,-6.833,20.28,170.45
1788858286.610,selected_bearing_rays,1,-7.011,20.81,170.47
1788858286.643,selected_bearing_rays,1,-7.290,21.63,170.47
1788858286.643,selected_bearing_rays,0,-13.252,39.08,170.47
1788858286.665,selected_bearing_rays,1,-7.727,22.92,170.48
1788858286.665,selected_bearing_rays,0,-13.782,40.62,170.48
1788858286.694,selected_bearing_rays,1,-8.150,24.17,170.49
1788858286.694,selected_bearing_rays,0,-14.408,42.42,170.49
1788858286.719,selected_bearing_rays,0,-15.050,44.27,170.51
1788858286.752,selected_bearing_rays,0,-15.539,45.68,170.52
1788858286.784,selected_bearing_rays,0,-15.897,46.71,170.53
1788858286.805,selected_bearing_rays,0,-16.112,47.33,170.54
1788858286.837,selected_bearing_rays,0,-16.113,47.33,170.54
1788858286.868,selected_bearing_rays,0,-16.027,47.09,170.55
1788858286.869,selected_bearing_rays,1,-10.376,30.72,170.55
1788858286.901,selected_bearing_rays,0,-16.105,47.31,170.56
1788858286.902,selected_bearing_rays,1,-10.070,29.82,170.56
1788858286.928,selected_bearing_rays,0,-16.256,47.75,170.56
1788858286.929,selected_bearing_rays,1,-10.031,29.71,170.56
1788858286.959,selected_bearing_rays,0,-16.456,48.32,170.57
1788858286.959,selected_bearing_rays,1,-10.259,30.38,170.57
1788858286.988,selected_bearing_rays,0,-16.500,48.45,170.58
1788858286.988,selected_bearing_rays,1,-10.315,30.54,170.58
1788858287.013,selected_bearing_rays,0,-16.535,48.55,170.59
1788858287.013,selected_bearing_rays,1,-10.313,30.54,170.59
1788858287.036,selected_bearing_rays,0,-16.430,48.25,170.61
1788858287.036,selected_bearing_rays,1,-10.224,30.28,170.61
1788858287.055,selected_bearing_rays,0,-16.269,47.80,170.62
1788858287.056,selected_bearing_rays,1,-10.134,30.02,170.62
1788858287.080,selected_bearing_rays,0,-16.153,47.47,170.63
1788858287.108,selected_bearing_rays,0,-15.888,46.72,170.65
1788858287.109,selected_bearing_rays,1,-9.721,28.81,170.65
1788858287.137,selected_bearing_rays,0,-15.748,46.32,170.66
1788858287.137,selected_bearing_rays,1,-9.505,28.18,170.66
1788858287.160,selected_bearing_rays,0,-15.592,45.87,170.67
1788858287.160,selected_bearing_rays,1,-9.281,27.52,170.67
1788858287.178,selected_bearing_rays,0,-15.599,45.90,170.68
1788858287.179,selected_bearing_rays,1,-9.211,27.32,170.68
1788858287.201,selected_bearing_rays,0,-15.583,45.85,170.69
1788858287.201,selected_bearing_rays,1,-9.238,27.40,170.69
1788858287.218,selected_bearing_rays,0,-15.502,45.62,170.70
1788858287.218,selected_bearing_rays,1,-9.293,27.57,170.70
1788858287.245,selected_bearing_rays,0,-15.534,45.72,170.72
1788858287.245,selected_bearing_rays,1,-9.284,27.54,170.72
1788858287.270,selected_bearing_rays,0,-15.384,45.30,170.74
1788858287.271,selected_bearing_rays,1,-9.161,27.18,170.74
1788858287.301,selected_bearing_rays,0,-15.391,45.32,170.75
1788858287.302,selected_bearing_rays,1,-9.089,26.97,170.75
1788858287.330,selected_bearing_rays,0,-15.562,45.81,170.77
1788858287.330,selected_bearing_rays,1,-9.205,27.32,170.77
1788858287.353,selected_bearing_rays,0,-15.733,46.31,170.79
1788858287.353,selected_bearing_rays,1,-9.383,27.84,170.79
1788858287.396,selected_bearing_rays,0,-15.677,46.16,170.82
1788858287.396,selected_bearing_rays,1,-9.300,27.60,170.82
1788858287.417,selected_bearing_rays,0,-16.193,47.64,170.83
1788858287.417,selected_bearing_rays,1,-9.739,28.90,170.83
1788858287.453,selected_bearing_rays,0,-16.305,47.96,170.84
1788858287.454,selected_bearing_rays,1,-9.851,29.23,170.84
1788858287.494,selected_bearing_rays,0,-16.627,48.89,170.86
1788858287.522,selected_bearing_rays,1,-10.408,30.87,170.87
1788858287.560,selected_bearing_rays,1,-10.673,31.65,170.90
1788858287.579,selected_bearing_rays,1,-10.783,31.98,170.91
1788858287.599,selected_bearing_rays,1,-10.879,32.26,170.92
1788858287.618,selected_bearing_rays,1,-10.885,32.28,170.92
1788858287.649,selected_bearing_rays,1,-10.861,32.21,170.94
1788858287.672,selected_bearing_rays,1,-10.857,32.20,170.95
1788858287.673,selected_bearing_rays,0,-17.047,50.12,170.95
1788858287.702,selected_bearing_rays,1,-10.840,32.15,170.96
1788858287.702,selected_bearing_rays,0,-17.023,50.05,170.96
1788858287.750,selected_bearing_rays,1,-10.824,32.11,170.98
1788858287.751,selected_bearing_rays,0,-17.080,50.22,170.98
1788858287.780,selected_bearing_rays,1,-10.792,32.02,170.99
1788858287.780,selected_bearing_rays,0,-17.113,50.31,170.99
1788858287.803,selected_bearing_rays,1,-10.764,31.94,171.00
1788858287.803,selected_bearing_rays,0,-17.100,50.28,171.00
1788858287.828,selected_bearing_rays,1,-10.631,31.55,171.02
1788858287.828,selected_bearing_rays,0,-16.919,49.77,171.02
1788858287.860,selected_bearing_rays,1,-10.510,31.20,171.03
1788858287.860,selected_bearing_rays,0,-16.779,49.37,171.03
1788858287.878,selected_bearing_rays,1,-10.278,30.52,171.04
1788858287.878,selected_bearing_rays,0,-16.606,48.88,171.04
1788858287.905,selected_bearing_rays,1,-10.001,29.70,171.05
1788858287.905,selected_bearing_rays,0,-16.353,48.16,171.05
1788858287.935,selected_bearing_rays,1,-9.638,28.64,171.07
1788858287.935,selected_bearing_rays,0,-15.985,47.11,171.07
1788858287.958,selected_bearing_rays,1,-9.518,28.29,171.09
1788858287.959,selected_bearing_rays,0,-15.846,46.72,171.09
1788858287.979,selected_bearing_rays,1,-9.386,27.90,171.11
1788858287.979,selected_bearing_rays,0,-15.673,46.22,171.11
1788858288.005,selected_bearing_rays,1,-9.362,27.84,171.13
1788858288.005,selected_bearing_rays,0,-15.699,46.30,171.13
1788858288.024,selected_bearing_rays,1,-9.408,27.98,171.14
1788858288.025,selected_bearing_rays,0,-15.712,46.35,171.14
1788858288.041,selected_bearing_rays,1,-9.422,28.02,171.17
1788858288.074,selected_bearing_rays,1,-9.379,27.90,171.19
1788858288.100,selected_bearing_rays,1,-9.512,28.29,171.21
1788858288.128,selected_bearing_rays,1,-9.435,28.07,171.24
1788858288.128,selected_bearing_rays,0,-15.666,46.24,171.24
1788858288.144,selected_bearing_rays,1,-9.643,28.69,171.25
1788858288.179,selected_bearing_rays,1,-9.777,29.09,171.28
1788858288.211,selected_bearing_rays,1,-9.957,29.62,171.32
1788858288.212,selected_bearing_rays,2,-3.343,9.99,171.32
1788858288.233,selected_bearing_rays,1,-10.547,31.36,171.34
1788858288.270,selected_bearing_rays,1,-10.784,32.07,171.38
1788858288.270,selected_bearing_rays,2,-3.922,11.72,171.38
1788858288.318,selected_bearing_rays,1,-10.837,32.23,171.43
1788858288.319,selected_bearing_rays,0,-16.549,48.83,171.43
1788858288.359,selected_bearing_rays,1,-10.953,32.58,171.47
1788858288.380,selected_bearing_rays,1,-11.135,33.12,171.48
1788858288.380,selected_bearing_rays,0,-16.639,49.10,171.48
1788858288.401,selected_bearing_rays,1,-11.253,33.47,171.50
1788858288.401,selected_bearing_rays,0,-16.690,49.25,171.50
1788858288.401,selected_bearing_rays,2,-3.951,11.82,171.50
1788858288.429,selected_bearing_rays,1,-11.350,33.76,171.54
1788858288.429,selected_bearing_rays,0,-16.676,49.22,171.54
1788858288.456,selected_bearing_rays,1,-11.298,33.61,171.55
1788858288.456,selected_bearing_rays,0,-16.586,48.97,171.55
1788858288.491,selected_bearing_rays,1,-11.104,33.05,171.60
1788858288.492,selected_bearing_rays,0,-16.374,48.38,171.60
1788858288.540,selected_bearing_rays,1,-10.940,32.58,171.65
1788858288.541,selected_bearing_rays,0,-16.162,47.78,171.65
1788858288.541,selected_bearing_rays,2,-3.692,11.05,171.65
1788858288.566,selected_bearing_rays,1,-10.850,32.32,171.67
1788858288.602,selected_bearing_rays,1,-11.303,33.65,171.71
1788858288.630,selected_bearing_rays,1,-11.128,33.15,171.75
1788858288.662,selected_bearing_rays,1,-11.020,32.84,171.78
1788858288.677,selected_bearing_rays,1,-10.981,32.73,171.81
1788858288.703,selected_bearing_rays,0,-16.007,47.38,171.83
1788858288.784,selected_bearing_rays,2,-4.751,14.24,171.91
1788858288.806,selected_bearing_rays,2,-5.734,17.18,171.92
1788858288.806,selected_bearing_rays,1,-12.993,38.65,171.92
1788858288.915,selected_bearing_rays,0,-26.299,76.22,172.03
1788858288.949,selected_bearing_rays,1,-19.760,58.17,172.07
1788858288.976,selected_bearing_rays,1,-18.751,55.32,172.09
1788858288.998,selected_bearing_rays,2,-11.814,35.24,172.12
1788858289.022,selected_bearing_rays,1,-17.441,51.59,172.14
1788858289.054,selected_bearing_rays,1,-15.905,47.18,172.18
1788858289.076,selected_bearing_rays,1,-15.190,45.12,172.20
1788858289.097,selected_bearing_rays,1,-15.268,45.35,172.23
1788858289.127,selected_bearing_rays,1,-15.068,44.79,172.28
1788858289.128,selected_bearing_rays,2,-9.229,27.63,172.28
1788858289.151,selected_bearing_rays,1,-14.980,44.54,172.31
1788858289.151,selected_bearing_rays,2,-8.963,26.85,172.31
1788858289.173,selected_bearing_rays,1,-14.788,43.99,172.33
1788858289.173,selected_bearing_rays,2,-8.794,26.35,172.33
1788858289.191,selected_bearing_rays,1,-14.617,43.50,172.36
1788858289.192,selected_bearing_rays,2,-8.682,26.02,172.36
1788858289.212,selected_bearing_rays,1,-14.306,42.60,172.39
1788858289.212,selected_bearing_rays,2,-8.445,25.32,172.39
1788858289.234,selected_bearing_rays,1,-14.100,42.00,172.42
1788858289.235,selected_bearing_rays,2,-8.321,24.95,172.42
1788858289.262,selected_bearing_rays,1,-14.070,41.93,172.46
1788858289.262,selected_bearing_rays,2,-8.193,24.58,172.46
1788858289.284,selected_bearing_rays,1,-14.009,41.75,172.49
1788858289.284,selected_bearing_rays,2,-8.055,24.17,172.49
1788858289.317,selected_bearing_rays,1,-13.917,41.50,172.53
1788858289.317,selected_bearing_rays,2,-8.458,25.38,172.53
1788858289.336,selected_bearing_rays,1,-13.690,40.84,172.57
1788858289.368,selected_bearing_rays,1,-13.511,40.33,172.61
1788858289.368,selected_bearing_rays,2,-7.821,23.49,172.61
1788858289.387,selected_bearing_rays,1,-13.536,40.40,172.63
1788858289.388,selected_bearing_rays,2,-7.788,23.39,172.63
1788858289.419,selected_bearing_rays,1,-13.587,40.56,172.67
1788858289.420,selected_bearing_rays,2,-7.752,23.29,172.67
1788858289.440,selected_bearing_rays,1,-13.626,40.68,172.70
1788858289.441,selected_bearing_rays,2,-7.887,23.70,172.70
1788858289.473,selected_bearing_rays,1,-13.711,40.95,172.75
1788858289.473,selected_bearing_rays,2,-7.975,23.97,172.75
1788858289.500,selected_bearing_rays,1,-13.662,40.81,172.79
1788858289.536,selected_bearing_rays,1,-13.645,40.78,172.84
1788858289.536,selected_bearing_rays,2,-8.167,24.55,172.84
1788858289.564,selected_bearing_rays,1,-13.777,41.17,172.86
1788858289.565,selected_bearing_rays,2,-8.463,25.44,172.86
1788858289.587,selected_bearing_rays,1,-13.830,41.33,172.90
1788858289.588,selected_bearing_rays,2,-8.606,25.87,172.90
1788858289.604,selected_bearing_rays,1,-14.066,42.03,172.93
1788858289.604,selected_bearing_rays,2,-8.677,26.09,172.93
1788858289.633,selected_bearing_rays,1,-14.075,42.07,172.97
1788858289.633,selected_bearing_rays,2,-8.709,26.19,172.97
1788858289.654,selected_bearing_rays,1,-13.987,41.81,173.00
1788858289.654,selected_bearing_rays,2,-8.655,26.03,173.00
1788858289.683,selected_bearing_rays,1,-13.976,41.79,173.04
1788858289.684,selected_bearing_rays,2,-8.504,25.59,173.04
1788858289.709,selected_bearing_rays,1,-13.960,41.75,173.07
1788858289.709,selected_bearing_rays,2,-8.297,24.98,173.07
1788858289.735,selected_bearing_rays,1,-14.027,41.96,173.12
1788858289.735,selected_bearing_rays,2,-8.275,24.92,173.12
1788858289.774,selected_bearing_rays,1,-14.076,42.12,173.17
1788858289.774,selected_bearing_rays,2,-8.283,24.95,173.17
1788858289.811,selected_bearing_rays,1,-14.018,41.96,173.24
1788858289.811,selected_bearing_rays,2,-8.286,24.97,173.24
1788858289.825,selected_bearing_rays,1,-14.147,42.34,173.25
1788858289.825,selected_bearing_rays,2,-8.452,25.46,173.25
1788858289.862,selected_bearing_rays,1,-13.753,41.20,173.32
1788858289.862,selected_bearing_rays,2,-7.952,23.98,173.32
1788858289.892,selected_bearing_rays,1,-13.555,40.63,173.35
1788858289.893,selected_bearing_rays,2,-7.978,24.06,173.35
1788858289.914,selected_bearing_rays,1,-13.567,40.67,173.39
1788858289.944,selected_bearing_rays,1,-13.639,40.90,173.44
1788858289.944,selected_bearing_rays,2,-8.176,24.67,173.44
1788858289.961,selected_bearing_rays,1,-13.741,41.20,173.47
1788858289.961,selected_bearing_rays,2,-8.366,25.24,173.47
1788858289.990,selected_bearing_rays,1,-14.268,42.76,173.52
1788858289.990,selected_bearing_rays,2,-8.639,26.06,173.52
1788858290.020,selected_bearing_rays,1,-14.463,43.35,173.56
1788858290.020,selected_bearing_rays,2,-8.798,26.55,173.56
1788858290.051,selected_bearing_rays,1,-14.453,43.33,173.60
1788858290.051,selected_bearing_rays,2,-8.755,26.42,173.60
1788858290.072,selected_bearing_rays,1,-14.458,43.35,173.62
1788858290.072,selected_bearing_rays,2,-8.583,25.91,173.62
1788858290.094,selected_bearing_rays,1,-14.406,43.20,173.65
1788858290.094,selected_bearing_rays,2,-9.040,27.28,173.65
1788858290.129,selected_bearing_rays,1,-14.467,43.39,173.69
1788858290.129,selected_bearing_rays,2,-9.332,28.17,173.69
1788858290.148,selected_bearing_rays,1,-14.537,43.60,173.72
1788858290.183,selected_bearing_rays,1,-14.459,43.38,173.75
1788858290.184,selected_bearing_rays,2,-8.918,26.93,173.75
1788858290.212,selected_bearing_rays,1,-14.565,43.71,173.80
1788858290.212,selected_bearing_rays,2,-8.844,26.72,173.80
1788858290.248,selected_bearing_rays,1,-14.704,44.13,173.86
1788858290.248,selected_bearing_rays,2,-8.913,26.94,173.86
1788858290.276,selected_bearing_rays,1,-14.743,44.26,173.91
1788858290.277,selected_bearing_rays,2,-8.876,26.83,173.91
1788858290.304,selected_bearing_rays,1,-14.704,44.15,173.94
1788858290.305,selected_bearing_rays,2,-8.802,26.62,173.94
1788858290.325,selected_bearing_rays,1,-14.476,43.49,173.97
1788858290.325,selected_bearing_rays,2,-8.734,26.42,173.97
1788858290.346,selected_bearing_rays,1,-14.045,42.23,174.02
1788858290.366,selected_bearing_rays,1,-14.077,42.34,174.06
1788858290.366,selected_bearing_rays,2,-8.383,25.37,174.06
1788858290.388,selected_bearing_rays,1,-13.862,41.72,174.11
1788858290.389,selected_bearing_rays,2,-8.115,24.58,174.11
1788858290.423,selected_bearing_rays,1,-13.324,40.13,174.16
1788858290.424,selected_bearing_rays,2,-7.571,22.95,174.16
1788858290.444,selected_bearing_rays,1,-12.568,37.91,174.20
1788858290.445,selected_bearing_rays,2,-7.216,21.88,174.20
1788858290.472,selected_bearing_rays,1,-12.137,36.63,174.25
1788858290.472,selected_bearing_rays,2,-6.776,20.56,174.25
1788858290.499,selected_bearing_rays,1,-11.940,36.06,174.30
1788858290.499,selected_bearing_rays,2,-6.685,20.29,174.30
1788858290.529,selected_bearing_rays,1,-12.508,37.76,174.34
1788858290.529,selected_bearing_rays,2,-6.997,21.24,174.34
1788858290.555,selected_bearing_rays,1,-12.517,37.79,174.38
1788858290.556,selected_bearing_rays,2,-7.228,21.94,174.38
1788858290.578,selected_bearing_rays,1,-13.577,40.95,174.43
1788858290.578,selected_bearing_rays,2,-7.959,24.15,174.43
1788858290.604,selected_bearing_rays,1,-14.098,42.50,174.47
1788858290.605,selected_bearing_rays,2,-8.346,25.32,174.47
1788858290.624,selected_bearing_rays,1,-14.629,44.07,174.50
1788858290.660,selected_bearing_rays,1,-15.151,45.62,174.55
1788858290.660,selected_bearing_rays,2,-9.472,28.72,174.55
1788858290.682,selected_bearing_rays,1,-15.201,45.78,174.58
1788858290.682,selected_bearing_rays,2,-9.881,29.96,174.58
1788858290.722,selected_bearing_rays,1,-15.594,46.95,174.64
1788858290.722,selected_bearing_rays,2,-10.353,31.39,174.64
1788858290.738,selected_bearing_rays,1,-15.710,47.29,174.66
1788858290.738,selected_bearing_rays,2,-10.589,32.10,174.66
1788858290.763,selected_bearing_rays,1,-15.650,47.13,174.70
1788858290.763,selected_bearing_rays,2,-10.530,31.93,174.70
1788858290.784,selected_bearing_rays,1,-15.429,46.49,174.73
1788858290.784,selected_bearing_rays,2,-10.327,31.32,174.73
1788858290.807,selected_bearing_rays,1,-14.911,44.98,174.79
1788858290.807,selected_bearing_rays,2,-9.840,29.87,174.79
1788858290.844,selected_bearing_rays,1,-14.529,43.86,174.85
1788858290.845,selected_bearing_rays,2,-9.479,28.80,174.85
1788858290.865,selected_bearing_rays,1,-13.848,41.86,174.88
1788858290.865,selected_bearing_rays,2,-8.767,26.65,174.88
1788858290.883,selected_bearing_rays,1,-13.459,40.71,174.93
1788858290.923,selected_bearing_rays,1,-12.990,39.34,175.00
1788858290.923,selected_bearing_rays,2,-7.580,23.09,175.00
1788858290.951,selected_bearing_rays,1,-12.598,38.18,175.05
1788858290.951,selected_bearing_rays,2,-7.060,21.52,175.05
1788858290.974,selected_bearing_rays,1,-12.302,37.31,175.09
1788858290.993,selected_bearing_rays,1,-12.292,37.28,175.13
1788858291.018,selected_bearing_rays,1,-13.134,39.80,175.18
1788858291.018,selected_bearing_rays,2,-7.608,23.19,175.18
1788858291.050,selected_bearing_rays,1,-13.639,41.32,175.24
1788858291.050,selected_bearing_rays,2,-7.920,24.15,175.24
1788858291.077,selected_bearing_rays,1,-13.982,42.36,175.29
1788858291.077,selected_bearing_rays,2,-8.174,24.92,175.29
1788858291.102,selected_bearing_rays,1,-14.258,43.18,175.32
1788858291.102,selected_bearing_rays,2,-8.452,25.77,175.32
1788858291.123,selected_bearing_rays,1,-14.320,43.38,175.36
1788858291.123,selected_bearing_rays,2,-8.490,25.89,175.36
1788858291.148,selected_bearing_rays,1,-14.057,42.61,175.42
1788858291.148,selected_bearing_rays,2,-8.595,26.22,175.42
1788858291.171,selected_bearing_rays,1,-14.338,43.45,175.44
1788858291.171,selected_bearing_rays,2,-8.571,26.15,175.44
1788858291.202,selected_bearing_rays,1,-14.436,43.75,175.49
1788858291.203,selected_bearing_rays,2,-8.614,26.28,175.49
1788858291.223,selected_bearing_rays,1,-14.558,44.12,175.52
1788858291.223,selected_bearing_rays,2,-8.647,26.39,175.52
1788858291.244,selected_bearing_rays,1,-14.587,44.22,175.56
1788858291.244,selected_bearing_rays,2,-8.720,26.62,175.56
1788858291.265,selected_bearing_rays,1,-14.192,43.05,175.60
1788858291.265,selected_bearing_rays,2,-8.753,26.72,175.60
1788858291.290,selected_bearing_rays,1,-13.979,42.44,175.67
1788858291.290,selected_bearing_rays,2,-8.716,26.62,175.67
1788858291.329,selected_bearing_rays,1,-13.815,41.97,175.75
1788858291.345,selected_bearing_rays,1,-13.889,42.19,175.77
1788858291.346,selected_bearing_rays,2,-8.664,26.48,175.77
1788858291.365,selected_bearing_rays,1,-14.402,43.73,175.82
1788858291.365,selected_bearing_rays,2,-8.733,26.69,175.82
1788858291.403,selected_bearing_rays,1,-14.261,43.33,175.90
1788858291.403,selected_bearing_rays,2,-8.902,27.22,175.90
1788858291.432,selected_bearing_rays,1,-14.242,43.29,175.96
1788858291.432,selected_bearing_rays,2,-8.906,27.24,175.96
1788858291.457,selected_bearing_rays,1,-14.473,43.99,176.01
1788858291.457,selected_bearing_rays,2,-9.084,27.79,176.01
1788858291.484,selected_bearing_rays,1,-14.649,44.52,176.05
1788858291.484,selected_bearing_rays,2,-9.313,28.49,176.05
1788858291.511,selected_bearing_rays,1,-14.862,45.17,176.11
1788858291.512,selected_bearing_rays,2,-9.562,29.25,176.11
1788858291.545,selected_bearing_rays,1,-14.934,45.40,176.16
1788858291.546,selected_bearing_rays,2,-9.686,29.64,176.16
1788858291.573,selected_bearing_rays,1,-14.913,45.35,176.22
1788858291.573,selected_bearing_rays,2,-9.688,29.66,176.22
1788858291.598,selected_bearing_rays,1,-14.928,45.41,176.27
1788858291.599,selected_bearing_rays,2,-9.688,29.66,176.27
1788858291.631,selected_bearing_rays,1,-14.744,44.87,176.32
1788858291.632,selected_bearing_rays,2,-9.545,29.24,176.32
1788858291.648,selected_bearing_rays,1,-14.734,44.85,176.36
1788858291.648,selected_bearing_rays,2,-9.526,29.19,176.36
1788858291.680,selected_bearing_rays,1,-15.002,45.67,176.41
1788858291.681,selected_bearing_rays,2,-9.405,28.83,176.41
1788858291.718,selected_bearing_rays,1,-15.043,45.80,176.48
1788858291.719,selected_bearing_rays,2,-9.304,28.53,176.48
1788858291.752,selected_bearing_rays,1,-14.930,45.49,176.55
1788858291.753,selected_bearing_rays,2,-9.156,28.09,176.55
1788858291.773,selected_bearing_rays,1,-14.624,44.59,176.60
1788858291.773,selected_bearing_rays,2,-9.099,27.93,176.60
1788858291.803,selected_bearing_rays,1,-14.756,45.00,176.65
1788858291.803,selected_bearing_rays,2,-9.037,27.75,176.65
1788858291.840,selected_bearing_rays,1,-14.781,45.10,176.76
1788858291.840,selected_bearing_rays,2,-8.965,27.54,176.76
1788858291.862,selected_bearing_rays,1,-14.793,45.14,176.80
1788858291.862,selected_bearing_rays,2,-8.971,27.57,176.80
1788858291.890,selected_bearing_rays,1,-14.635,44.69,176.87
1788858291.890,selected_bearing_rays,2,-9.150,28.13,176.87
1788858291.912,selected_bearing_rays,1,-19.135,57.99,176.91
1788858291.913,selected_bearing_rays,2,-13.799,42.20,176.91
1788858291.938,selected_bearing_rays,1,-20.938,63.24,176.96
1788858291.939,selected_bearing_rays,2,-15.596,47.58,176.96
1788858291.960,selected_bearing_rays,1,-21.590,65.14,177.02
1788858291.961,selected_bearing_rays,2,-16.218,49.44,177.02
1788858291.979,selected_bearing_rays,1,-22.195,66.88,177.05
1788858291.979,selected_bearing_rays,2,-16.569,50.49,177.05
1788858292.010,selected_bearing_rays,1,-22.366,67.40,177.12
1788858292.010,selected_bearing_rays,2,-16.936,51.60,177.12
1788858292.031,selected_bearing_rays,2,-17.704,53.88,177.16
1788858292.063,selected_bearing_rays,2,-15.788,48.22,177.22
1788858292.088,selected_bearing_rays,2,-15.590,47.64,177.27
1788858292.113,selected_bearing_rays,2,-15.837,48.39,177.31
1788858292.157,selected_bearing_rays,2,-16.554,50.54,177.39
1788858292.172,selected_bearing_rays,2,-16.450,50.24,177.41
1788858292.192,selected_bearing_rays,2,-16.381,50.05,177.45
1788858292.219,selected_bearing_rays,2,-16.171,49.43,177.49
1788858292.245,selected_bearing_rays,2,-15.649,47.89,177.53
1788858292.270,selected_bearing_rays,2,-14.969,45.87,177.59
1788858292.296,selected_bearing_rays,2,-14.564,44.67,177.64
1788858292.323,selected_bearing_rays,2,-14.149,43.43,177.68
1788858292.348,selected_bearing_rays,2,-14.161,43.49,177.75
1788858292.370,selected_bearing_rays,2,-13.876,42.64,177.79
1788858292.391,selected_bearing_rays,2,-13.333,41.01,177.84
1788858292.421,selected_bearing_rays,2,-12.821,39.48,177.90
1788858292.436,selected_bearing_rays,2,-12.549,38.67,177.95
1788858292.459,selected_bearing_rays,2,-12.345,38.05,177.99
1788858292.479,selected_bearing_rays,2,-12.139,37.44,178.04
1788858292.507,selected_bearing_rays,2,-12.046,37.17,178.12
1788858292.528,selected_bearing_rays,2,-12.053,37.20,178.17
1788858292.558,selected_bearing_rays,2,-12.376,38.20,178.24
1788858292.573,selected_bearing_rays,2,-13.181,40.65,178.27
1788858292.603,selected_bearing_rays,2,-13.164,40.62,178.34
1788858292.626,selected_bearing_rays,2,-13.186,40.70,178.42
1788858292.654,selected_bearing_rays,2,-13.248,40.90,178.47
1788858292.684,selected_bearing_rays,2,-13.370,41.29,178.54
1788858292.716,selected_bearing_rays,2,-13.872,42.82,178.62
1788858292.738,selected_bearing_rays,2,-14.221,43.89,178.65
1788858292.768,selected_bearing_rays,2,-14.493,44.73,178.72
1788858292.796,selected_bearing_rays,2,-16.000,49.28,178.78
1788858292.821,selected_bearing_rays,2,-17.611,54.10,178.82
1788858292.855,selected_bearing_rays,2,-19.079,58.48,178.89
1788858292.879,selected_bearing_rays,2,-19.240,58.97,178.96
1788858292.900,selected_bearing_rays,2,-19.553,59.91,179.00
1788858292.941,selected_bearing_rays,2,-17.667,54.35,179.08
1788858292.962,selected_bearing_rays,2,-15.603,48.18,179.13
1788858292.980,selected_bearing_rays,2,-15.086,46.63,179.16
1788858293.001,selected_bearing_rays,2,-14.571,45.09,179.21
1788858293.020,selected_bearing_rays,2,-14.462,44.77,179.25
1788858293.037,selected_bearing_rays,2,-14.270,44.20,179.30
1788858293.058,selected_bearing_rays,2,-14.047,43.53,179.35
1788858293.091,selected_bearing_rays,2,-14.060,43.59,179.43
1788858293.123,selected_bearing_rays,2,-13.656,42.38,179.49
1788858293.148,selected_bearing_rays,2,-13.638,42.34,179.59
1788858293.169,selected_bearing_rays,2,-13.583,42.19,179.63
1788858293.191,selected_bearing_rays,2,-13.383,41.59,179.68
1788858293.213,selected_bearing_rays,2,-13.477,41.89,179.73
1788858293.242,selected_bearing_rays,2,-13.375,41.59,179.80
1788858293.267,selected_bearing_rays,2,-13.159,40.95,179.87
1788858293.296,selected_bearing_rays,2,-13.037,40.59,179.92
1788858293.321,selected_bearing_rays,2,-13.051,40.64,179.98
1788858293.342,selected_bearing_rays,2,-13.123,40.88,180.03
1788858293.373,selected_bearing_rays,2,-13.303,41.44,180.10
1788858293.392,selected_bearing_rays,2,-13.587,42.32,180.15
1788858293.420,selected_bearing_rays,2,-13.753,42.84,180.22
1788858293.437,selected_bearing_rays,2,-13.935,43.41,180.26
1788858293.469,selected_bearing_rays,2,-14.020,43.69,180.33
1788858293.485,selected_bearing_rays,2,-14.381,44.79,180.35
1788858293.515,selected_bearing_rays,2,-14.429,44.96,180.42
1788858293.550,selected_bearing_rays,2,-14.643,45.63,180.51
1788858293.571,selected_bearing_rays,2,-14.582,45.46,180.56
1788858293.592,selected_bearing_rays,2,-14.531,45.31,180.61
1788858293.615,selected_bearing_rays,2,-14.353,44.78,180.66
1788858293.644,selected_bearing_rays,2,-14.137,44.14,180.73
1788858293.672,selected_bearing_rays,2,-13.839,43.25,180.81
1788858293.708,selected_bearing_rays,2,-13.307,41.64,180.91
1788858293.721,selected_bearing_rays,2,-13.166,41.21,180.93
1788858293.760,selected_bearing_rays,2,-12.830,40.20,181.03
1788858293.801,selected_bearing_rays,2,-12.564,39.40,181.12
1788858293.833,selected_bearing_rays,2,-12.570,39.44,181.21
1788858293.855,selected_bearing_rays,2,-12.596,39.53,181.26
1788858293.890,selected_bearing_rays,2,-12.840,40.30,181.36
1788858293.911,selected_bearing_rays,2,-13.167,41.32,181.41
1788858293.939,selected_bearing_rays,2,-13.240,41.56,181.49
1788858293.959,selected_bearing_rays,2,-13.216,41.50,181.54
1788858293.978,selected_bearing_rays,2,-13.854,43.48,181.59
1788858294.004,selected_bearing_rays,2,-14.126,44.32,181.62
1788858294.023,selected_bearing_rays,2,-14.080,44.20,181.68
1788858294.052,selected_bearing_rays,2,-14.206,44.61,181.77
1788858294.072,selected_bearing_rays,2,-14.224,44.68,181.82
1788858294.098,selected_bearing_rays,2,-14.731,46.25,181.90
1788858294.124,selected_bearing_rays,2,-14.900,46.78,181.94
1788858294.154,selected_bearing_rays,2,-14.582,45.83,182.03
1788858294.183,selected_bearing_rays,2,-14.261,44.86,182.10
1788858294.215,selected_bearing_rays,2,-14.097,44.37,182.18
1788858294.229,selected_bearing_rays,2,-13.955,43.95,182.23
1788858294.268,selected_bearing_rays,2,-13.826,43.57,182.32
1788858294.285,selected_bearing_rays,2,-12.183,38.48,182.34
1788858294.318,selected_bearing_rays,2,-11.492,36.35,182.45
1788858294.345,selected_bearing_rays,2,-12.781,40.38,182.50
1788858294.365,selected_bearing_rays,2,-13.415,42.35,182.55
1788858294.394,selected_bearing_rays,2,-13.507,42.66,182.64
1788858294.417,selected_bearing_rays,2,-13.526,42.73,182.71
1788858294.441,selected_bearing_rays,2,-13.577,42.90,182.76
1788858294.478,selected_bearing_rays,2,-13.596,42.99,182.87
1788858294.500,selected_bearing_rays,2,-13.700,43.32,182.91
1788858294.532,selected_bearing_rays,2,-13.661,43.22,183.00
1788858294.552,selected_bearing_rays,2,-13.543,42.87,183.06
1788858294.579,selected_bearing_rays,2,-13.439,42.56,183.14
1788858294.605,selected_bearing_rays,2,-13.410,42.49,183.19
1788858294.635,selected_bearing_rays,2,-13.509,42.82,183.29
1788858294.659,selected_bearing_rays,2,-13.566,43.01,183.35
1788858294.681,selected_bearing_rays,2,-13.615,43.18,183.42
1788858294.699,selected_bearing_rays,2,-14.039,44.51,183.48
1788858294.737,selected_bearing_rays,2,-13.871,44.00,183.55
1788858294.759,selected_bearing_rays,2,-13.884,44.06,183.63
1788858294.788,selected_bearing_rays,2,-13.748,43.66,183.71
1788858294.821,selected_bearing_rays,2,-13.738,43.65,183.78
1788858294.850,selected_bearing_rays,2,-13.689,43.51,183.86
1788858294.880,selected_bearing_rays,2,-13.942,44.32,183.93
1788858294.924,selected_bearing_rays,2,-13.745,43.73,184.04
1788858294.962,selected_bearing_rays,2,-14.102,44.87,184.14
1788858294.993,selected_bearing_rays,2,-14.457,45.99,184.22
1788858295.007,selected_bearing_rays,2,-14.686,46.71,184.26
1788858295.039,selected_bearing_rays,2,-14.592,46.44,184.34
1788858295.072,selected_bearing_rays,2,-14.198,45.24,184.43
1788858295.104,selected_bearing_rays,2,-14.226,45.34,184.51
1788858295.123,selected_bearing_rays,2,-14.133,45.07,184.57
1788858295.143,selected_bearing_rays,2,-13.751,43.89,184.65
1788858295.172,selected_bearing_rays,2,-13.535,43.24,184.74
1788858295.212,selected_bearing_rays,2,-13.259,42.40,184.87
1788858295.234,selected_bearing_rays,2,-12.811,41.01,184.93
1788858295.267,selected_bearing_rays,2,-12.729,40.78,185.06
1788858295.293,selected_bearing_rays,2,-12.951,41.49,185.12
1788858295.326,selected_bearing_rays,2,-13.110,42.01,185.20
1788858295.358,selected_bearing_rays,2,-13.340,42.76,185.32
1788858295.379,selected_bearing_rays,2,-13.660,43.78,185.40
1788858295.402,selected_bearing_rays,2,-14.145,45.32,185.44
1788858295.423,selected_bearing_rays,2,-14.112,45.23,185.51
1788858295.446,selected_bearing_rays,2,-14.328,45.92,185.56
1788858295.463,selected_bearing_rays,2,-14.811,47.45,185.62
1788858295.482,selected_bearing_rays,2,-15.013,48.09,185.67
1788858295.521,selected_bearing_rays,2,-15.377,49.26,185.77
1788858295.547,selected_bearing_rays,2,-15.585,49.93,185.82
1788858295.572,selected_bearing_rays,2,-15.650,50.15,185.91
1788858295.594,selected_bearing_rays,2,-15.708,50.35,185.96
1788858295.622,selected_bearing_rays,2,-15.766,50.55,186.04
1788858295.640,selected_bearing_rays,2,-15.752,50.52,186.09
1788858295.663,selected_bearing_rays,2,-15.698,50.37,186.16
1788858295.683,selected_bearing_rays,2,-15.544,49.90,186.20
1788858295.708,selected_bearing_rays,2,-15.348,49.31,186.31
1788858295.737,selected_bearing_rays,2,-14.992,48.22,186.40
1788858295.764,selected_bearing_rays,2,-14.803,47.64,186.46
1788858295.794,selected_bearing_rays,2,-14.441,46.53,186.57
1788858295.815,selected_bearing_rays,2,-13.994,45.13,186.63
1788858295.849,selected_bearing_rays,2,-13.979,45.11,186.76
1788858295.867,selected_bearing_rays,2,-13.984,45.15,186.82
1788858295.893,selected_bearing_rays,2,-14.179,45.78,186.89
1788858295.922,selected_bearing_rays,2,-14.152,45.71,186.97
1788858295.938,selected_bearing_rays,2,-14.301,46.20,187.05
1788858295.965,selected_bearing_rays,2,-14.486,46.80,187.10
1788858295.989,selected_bearing_rays,2,-14.420,46.62,187.20
1788858296.020,selected_bearing_rays,2,-14.748,47.68,187.29
1788858296.048,selected_bearing_rays,2,-15.005,48.51,187.37
1788858296.073,selected_bearing_rays,2,-15.023,48.58,187.43
1788858296.105,selected_bearing_rays,2,-15.031,48.63,187.52
1788858296.156,selected_bearing_rays,2,-15.157,49.07,187.69
1788858296.180,selected_bearing_rays,2,-15.527,50.26,187.77
1788858296.206,selected_bearing_rays,2,-15.683,50.77,187.81
1788858296.241,selected_bearing_rays,2,-15.791,51.15,187.94
1788858296.262,selected_bearing_rays,2,-15.807,51.21,188.01
1788858296.287,selected_bearing_rays,2,-15.787,51.17,188.09
1788858296.321,selected_bearing_rays,2,-15.374,49.89,188.18
1788858296.342,selected_bearing_rays,2,-15.129,49.13,188.24
1788858296.375,selected_bearing_rays,2,-14.973,48.66,188.34
1788858296.401,selected_bearing_rays,2,-14.712,47.85,188.42
1788858296.418,selected_bearing_rays,2,-14.445,47.02,188.51
1788858296.445,selected_bearing_rays,2,-14.686,47.80,188.56
1788858296.462,selected_bearing_rays,2,-14.343,46.73,188.64
1788858296.490,selected_bearing_rays,2,-14.489,47.22,188.74
1788858296.531,selected_bearing_rays,2,-14.614,47.65,188.86
1788858296.551,selected_bearing_rays,2,-14.374,46.90,188.92
1788858296.577,selected_bearing_rays,2,-12.112,39.66,189.00
1788858296.605,selected_bearing_rays,2,-1.945,6.42,189.06
1788858296.635,selected_bearing_rays,2,20.124,65.08,189.16
1788858296.655,selected_bearing_rays,2,33.018,103.11,189.22
1788858296.685,selected_bearing_rays,2,56.385,157.65,189.30
